type,id,author,editor,advisor,note,title,pages,article_no,num_pages,keywords,doi,journal,issue_date,volume,issue_no,description,month,year,issn,booktitle,acronym,edition,isbn,conf_loc,publisher,publisher_loc
article,2801646,Elizabeth L. Murnane,,,,Exploring a Theory-guided Path to the Design of Personal Informatics and Intervention Technologies,447--452,,6,"intervention, personal informatics, personalization",10.1145/2800835.2801646,,,,,,,2015,,Adjunct Proceedings of the 2015 ACM International Joint Conference on Pervasive and Ubiquitous Computing and Proceedings of the 2015 ACM International Symposium on Wearable Computers,UbiComp/ISWC'15 Adjunct,,978-1-4503-3575-1,"Osaka, Japan",ACM,"New York, NY, USA"
article,2468715,Afarin  Pirzadeh and Li  He and Erik  Stolterman,,,,Personal Informatics and Reflection: A Critical Examination of the Nature of Reflection,1979--1988,,10,"journaling, personal informatics, reflection",10.1145/2468356.2468715,,,,,,,2013,,CHI '13 Extended Abstracts on Human Factors in Computing Systems,CHI EA '13,,978-1-4503-1952-2,"Paris, France",ACM,"New York, NY, USA"
article,2641323,Jason  Zietz,,,,Be Like Water: Suggestions for Handling Undesirable Hardware Outcomes in Personal Informatics Fieldwork,711--714,,4,"personal informatics, sustainability",10.1145/2638728.2641323,,,,,,,2014,,Proceedings of the 2014 ACM International Joint Conference on Pervasive and Ubiquitous Computing: Adjunct Publication,UbiComp '14 Adjunct,,978-1-4503-3047-3,"Seattle, Washington",ACM,"New York, NY, USA"
article,2800959,Dize  Hilviu and Amon  Rapp,,,,Narrating the Quantified Self,1051--1056,,6,"personal informatics, quantified self, storytelling",10.1145/2800835.2800959,,,,,,,2015,,Adjunct Proceedings of the 2015 ACM International Joint Conference on Pervasive and Ubiquitous Computing and Proceedings of the 2015 ACM International Symposium on Wearable Computers,UbiComp/ISWC'15 Adjunct,,978-1-4503-3575-1,"Osaka, Japan",ACM,"New York, NY, USA"
article,2968329,Federica  Cena and Silvia  Likavec and Amon  Rapp and Alessandro  Marcengo,,,,An Ontology for Quantified Self: Capturing the Concepts Behind the Numbers,602--604,,3,"ontologies, personal informatics, quantified self",10.1145/2968219.2968329,,,,,,,2016,,Proceedings of the 2016 ACM International Joint Conference on Pervasive and Ubiquitous Computing: Adjunct,UbiComp '16,,978-1-4503-4462-3,"Heidelberg, Germany",ACM,"New York, NY, USA"
article,2642734,Amon  Rapp,,,,Meaningful Game Elements for Personal Informatics,125--130,,6,"ethnography, game elements, personal informatics",10.1145/2641248.2642734,,,,,,,2014,,Proceedings of the 2014 ACM International Symposium on Wearable Computers: Adjunct Program,ISWC '14 Adjunct,,978-1-4503-3048-0,"Seattle, Washington",ACM,"New York, NY, USA"
article,1979924,Elizabeth  Bales and William  Griswold,,,,Interpersonal Informatics: Making Social Influence Visible,2227--2232,,6,"interpersonal informatics, logging, personal informatics",10.1145/1979742.1979924,,,,,,,2011,,CHI '11 Extended Abstracts on Human Factors in Computing Systems,CHI EA '11,,978-1-4503-0268-5,"Vancouver, BC, Canada",ACM,"New York, NY, USA"
article,2800965,Fredrik  Ohlin and Carl Magnus Olsson,,,,Beyond a Utility View of Personal Informatics: A Postphenomenological Framework,1087--1092,,6,"personal informatics, postphenomenology, quantified self",10.1145/2800835.2800965,,,,,,,2015,,Adjunct Proceedings of the 2015 ACM International Joint Conference on Pervasive and Ubiquitous Computing and Proceedings of the 2015 ACM International Symposium on Wearable Computers,UbiComp/ISWC'15 Adjunct,,978-1-4503-3575-1,"Osaka, Japan",ACM,"New York, NY, USA"
article,2581174,Brett  Wakefield and Carman  Neustaedter and Serena  Hillman,,,,The Informatics Needs of Amateur Endurance Athletic Coaches,2287--2292,,6,"athletes, personal informatics, physical activity, sports",10.1145/2559206.2581174,,,,,,,2014,,CHI '14 Extended Abstracts on Human Factors in Computing Systems,CHI EA '14,,978-1-4503-2474-8,"Toronto, Ontario, Canada",ACM,"New York, NY, USA"
article,2641316,Gul  Calikli and Mads Schaarup Andersen and Arosha  Bandara and Blaine  Price and Bashar  Nuseibeh,,,,Personal Informatics for Non-geeks: Lessons Learned from Ordinary People,683--686,,4,"life-logging studies, personal informatics, quantified self",10.1145/2638728.2641316,,,,,,,2014,,Proceedings of the 2014 ACM International Joint Conference on Pervasive and Ubiquitous Computing: Adjunct Publication,UbiComp '14 Adjunct,,978-1-4503-3047-3,"Seattle, Washington",ACM,"New York, NY, USA"
article,3053259,Matthew  Carrasco and Eunyee  Koh and Sana  Malik,,,,popHistory: Animated Visualization of Personal Web Browsing History,2429--2436,,8,"browser history, information visualization, personal informatics, reflection",10.1145/3027063.3053259,,,,,,,2017,,Proceedings of the 2017 CHI Conference Extended Abstracts on Human Factors in Computing Systems,CHI EA '17,,978-1-4503-4656-6,"Denver, Colorado, USA",ACM,"New York, NY, USA"
article,2693802,R&#250;ben  Gouveia and Sergio  Barros and Evangelos  Karapanos,,,,Understanding Users' Disengagement with Wearable Activity Trackers,17:1--17:3,17,3,"Activity trackers, Behavior change, Personal Informatics",10.1145/2693787.2693802,,,,,,,2014,,Proceedings of the 2014 Workshops on Advances in Computer Entertainment Conference,ACE '14 Workshops,,978-1-4503-3314-6,"Funchal, Portugal",ACM,"New York, NY, USA"
article,2971402,Hanna  Schneider,,,,Self-knowledge Through Numbers and the Operationalization of Learning,189--192,,4,"activity tracking, learning, personal informatics, self-knowledge",10.1145/2968219.2971402,,,,,,,2016,,Proceedings of the 2016 ACM International Joint Conference on Pervasive and Ubiquitous Computing: Adjunct,UbiComp '16,,978-1-4503-4462-3,"Heidelberg, Germany",ACM,"New York, NY, USA"
article,2933570,Amrith  Krishna and Madhumita  Mallick and Bivas  Mitra,,,,SleepSensei: An Automated Sleep Quality Monitor and Sleep Duration Estimator,29--34,,6,"mobile healthcare, personal informatics, sleep monitoring, smartphone",10.1145/2933566.2933570,,,,,,,2016,,Proceedings of the First Workshop on IoT-enabled Healthcare and Wellness Technologies and Systems,IoT of Health '16,,978-1-4503-4334-3,"Singapore, Singapore",ACM,"New York, NY, USA"
article,2800949,Ravi  Karkar and James  Fogarty and Julie A. Kientz and Sean A. Munson and Roger  Vilardaga and Jasmine  Zia,,,,Opportunities and Challenges for Self-experimentation in Self-tracking,991--996,,6,"personal informatics, self-experimentation, self-tracking",10.1145/2800835.2800949,,,,,,,2015,,Adjunct Proceedings of the 2015 ACM International Joint Conference on Pervasive and Ubiquitous Computing and Proceedings of the 2015 ACM International Symposium on Wearable Computers,UbiComp/ISWC'15 Adjunct,,978-1-4503-3575-1,"Osaka, Japan",ACM,"New York, NY, USA"
article,2732770,Jacqueline T. Chien and Fran&#231;ois V. Guimbreti&#232;re and Tauhidur  Rahman and Geri  Gay and Mark  Matthews,,,,Biogotchi!: An Exploration of Plant-Based Information Displays,1139--1144,,6,"eco-design, personal informatics, plant-based displays",10.1145/2702613.2732770,,,,,,,2015,,Proceedings of the 33rd Annual ACM Conference Extended Abstracts on Human Factors in Computing Systems,CHI EA '15,,978-1-4503-3146-3,"Seoul, Republic of Korea",ACM,"New York, NY, USA"
article,2968326,Elisabeth Kersten - van Dijk and Wijnand  IJsselsteijn and Joyce  Westerink,,,,Deceptive Visualizations and User Bias: A Case for Personalization and Ambiguity in PI Visualizations,588--593,,6,"evaluation of visualization, personal informatics, quantified self",10.1145/2968219.2968326,,,,,,,2016,,Proceedings of the 2016 ACM International Joint Conference on Pervasive and Ubiquitous Computing: Adjunct,UbiComp '16,,978-1-4503-4462-3,"Heidelberg, Germany",ACM,"New York, NY, USA"
article,2968313,Hanna  Schneider,,,,LOL: Levels of Learning Through Personal Informatics,510--515,,6,"activity tracking, learning, personal informatics, self-knowledge",10.1145/2968219.2968313,,,,,,,2016,,Proceedings of the 2016 ACM International Joint Conference on Pervasive and Ubiquitous Computing: Adjunct,UbiComp '16,,978-1-4503-4462-3,"Heidelberg, Germany",ACM,"New York, NY, USA"
article,3312886,Kyrill  Potapov and Victor R. Lee and Asimina  Vasalou and Paul  Marshall,,,,Youth Concerns and Responses to Self-Tracking Tools and Personal Informatics Systems,LBW1122:1--LBW1122:6,LBW1122,6,"education, personal informatics, self-tracking, youth",10.1145/3290607.3312886,,,,,,,2019,,Extended Abstracts of the 2019 CHI Conference on Human Factors in Computing Systems,CHI EA '19,,978-1-4503-5971-9,"Glasgow, Scotland Uk",ACM,"New York, NY, USA"
article,2641317,Daniel A. Epstein and James  Fogarty and Sean A. Munson,,,,Failures in Sharing Personal Data on Social Networking Sites,695--698,,4,"accidental posts, personal informatics, social networks",10.1145/2638728.2641317,,,,,,,2014,,Proceedings of the 2014 ACM International Joint Conference on Pervasive and Ubiquitous Computing: Adjunct Publication,UbiComp '14 Adjunct,,978-1-4503-3047-3,"Seattle, Washington",ACM,"New York, NY, USA"
article,2807947,Amon  Rapp and Federica  Cena and Judy  Kay and Bob  Kummerfeld and Frank  Hopfgartner and Till  Plumbaum and Jakob Eg Larsen,,,,New Frontiers of Quantified Self: Finding New Ways for Engaging Users in Collecting and Using Personal Data,969--972,,4,"personal informatics, quantified self, self tracking",10.1145/2800835.2807947,,,,,,,2015,,Adjunct Proceedings of the 2015 ACM International Joint Conference on Pervasive and Ubiquitous Computing and Proceedings of the 2015 ACM International Symposium on Wearable Computers,UbiComp/ISWC'15 Adjunct,,978-1-4503-3575-1,"Osaka, Japan",ACM,"New York, NY, USA"
article,2968322,Elizabeth  Murnane and Mark  Matthews and Geri  Gay and Dan  Cosley,,,,Playing with Your Data: Towards Personal Informatics Driven Games,565--569,,5,"games, personal informatics, play, quantified self, toys",10.1145/2968219.2968322,,,,,,,2016,,Proceedings of the 2016 ACM International Joint Conference on Pervasive and Ubiquitous Computing: Adjunct,UbiComp '16,,978-1-4503-4462-3,"Heidelberg, Germany",ACM,"New York, NY, USA"
article,2641322,Emily I. M. Collins and Anna L. Cox and Jon  Bird and Daniel  Harrison,,,,Social Networking Use and RescueTime: The Issue of Engagement,687--690,,4,"personal informatics, social networking, stress, time management",10.1145/2638728.2641322,,,,,,,2014,,Proceedings of the 2014 ACM International Joint Conference on Pervasive and Ubiquitous Computing: Adjunct Publication,UbiComp '14 Adjunct,,978-1-4503-3047-3,"Seattle, Washington",ACM,"New York, NY, USA"
article,3188648,Nora  Ptakauskaite and Anna L. Cox and Nadia  Berthouze,,,,Knowing What You'Re Doing or Knowing What to Do: How Stress Management Apps Support Reflection and Behaviour Change,LBW599:1--LBW599:6,LBW599,6,"behaviour change, data visualisation, personal informatics, stress",10.1145/3170427.3188648,,,,,,,2018,,Extended Abstracts of the 2018 CHI Conference on Human Factors in Computing Systems,CHI EA '18,,978-1-4503-5621-3,"Montreal QC, Canada",ACM,"New York, NY, USA"
article,2732774,Hoyoun  Cho and Hongsuk  Yoon and Ki Joon  Kim and Dong-Hee  Shin,,,,Wearable Health Information: Effects of Comparative Feedback and Presentation Mode,2073--2078,,6,"feedback type, health conservation, personal informatics, presentation mode, wearable device",10.1145/2702613.2732774,,,,,,,2015,,Proceedings of the 33rd Annual ACM Conference Extended Abstracts on Human Factors in Computing Systems,CHI EA '15,,978-1-4503-3146-3,"Seoul, Republic of Korea",ACM,"New York, NY, USA"
article,2800961,Benedikt  Schmidt and Sebastian  Benchea and R&#252;diger  Eichin and Christian  Meurisch,,,,Fitness Tracker or Digital Personal Coach: How to Personalize Training,1063--1067,,5,"health, personal informatics, personal virtual assistant, pervasive computing",10.1145/2800835.2800961,,,,,,,2015,,Adjunct Proceedings of the 2015 ACM International Joint Conference on Pervasive and Ubiquitous Computing and Proceedings of the 2015 ACM International Symposium on Wearable Computers,UbiComp/ISWC'15 Adjunct,,978-1-4503-3575-1,"Osaka, Japan",ACM,"New York, NY, USA"
article,2968331,Amon  Rapp and Federica  Cena and Judy  Kay and Bob  Kummerfeld and Frank  Hopfgartner and Till  Plumbaum and Jakob Eg Larsen and Daniel A. Epstein and R&#250;ben  Gouveia,,,,New Frontiers of Quantified Self 2: Going Beyond Numbers,506--509,,4,"personal informatics, quantified self, self-monitoring, self-tracking, wearable technologies",10.1145/2968219.2968331,,,,,,,2016,,Proceedings of the 2016 ACM International Joint Conference on Pervasive and Ubiquitous Computing: Adjunct,UbiComp '16,,978-1-4503-4462-3,"Heidelberg, Germany",ACM,"New York, NY, USA"
article,2892401,Simon L. Jones and Ryan  Kelly,,,,Finding Interesting Correlations in Multi-Faceted Personal Informatics Systems,3099--3106,,8,"data mining, information dashboards, information filtering, personal informatics, quantified self",10.1145/2851581.2892401,,,,,,,2016,,Proceedings of the 2016 CHI Conference Extended Abstracts on Human Factors in Computing Systems,CHI EA '16,,978-1-4503-4082-3,"San Jose, California, USA",ACM,"New York, NY, USA"
article,1754181,Ian  Li and Jodi  Forlizzi and Anind  Dey,,,,Know Thyself: Monitoring and Reflecting on Facets of One's Life,4489--4492,,4,"awareness, behavior, life logging, personal informatics, reflection, study methods, visualizations",10.1145/1753846.1754181,,,,,,,2010,,CHI '10 Extended Abstracts on Human Factors in Computing Systems,CHI EA '10,,978-1-60558-930-5,"Atlanta, Georgia, USA",ACM,"New York, NY, USA"
article,3173025,Amid  Ayobi,,,,Informing the Design of Personal Informatics Technologies for Unpredictable Chronic Conditions,DC02:1--DC02:4,DC02,4,"chronic conditions, multiple sclerosis, personal informatics, self-monitoring, self-tracking",10.1145/3170427.3173025,,,,,,,2018,,Extended Abstracts of the 2018 CHI Conference on Human Factors in Computing Systems,CHI EA '18,,978-1-4503-5621-3,"Montreal QC, Canada",ACM,"New York, NY, USA"
article,3053138,Shaun  Wallace and Hua  Guo and David  Sasson,,,,Visualizing Self-Tracked Mobile Sensor and Self-Reflection Data to Help Sleep Clinicians Infer Patterns,2194--2200,,7,"design, multivariate time series, ordinal, personal informatics, prototyping, sleep visualization",10.1145/3027063.3053138,,,,,,,2017,,Proceedings of the 2017 CHI Conference Extended Abstracts on Human Factors in Computing Systems,CHI EA '17,,978-1-4503-4656-6,"Denver, Colorado, USA",ACM,"New York, NY, USA"
article,2800946,Niels  van Berkel and Chu  Luo and Denzil  Ferreira and Jorge  Goncalves and Vassilis  Kostakos,,,,The Curse of Quantified-self: An Endless Quest for Answers,973--978,,6,"context, personal informatics, quantified-self, sensing, ubiquitous computing, wearables",10.1145/2800835.2800946,,,,,,,2015,,Adjunct Proceedings of the 2015 ACM International Joint Conference on Pervasive and Ubiquitous Computing and Proceedings of the 2015 ACM International Symposium on Wearable Computers,UbiComp/ISWC'15 Adjunct,,978-1-4503-3575-1,"Osaka, Japan",ACM,"New York, NY, USA"
article,1979573,Ian  Li and Anind  Dey and Jodi  Forlizzi and Kristina  H&#246;&#246;k and Yevgeniy  Medynskiy,,,,"Personal Informatics and HCI: Design, Theory, and Social Implications",2417--2420,,4,"design, personal informatics, self-tracking, social implications, theory",10.1145/1979742.1979573,,,,,,,2011,,CHI '11 Extended Abstracts on Human Factors in Computing Systems,CHI EA '11,,978-1-4503-0268-5,"Vancouver, BC, Canada",ACM,"New York, NY, USA"
article,2971589,Parvin  Asadzadeh and John  Rooksby and Matthew  Chalmers,,,,Investigating How Users Engage with a Pedometer App,612--617,,6,"app usage patterns, interaction logs, mobile applications, personal informatics",10.1145/2968219.2971589,,,,,,,2016,,Proceedings of the 2016 ACM International Joint Conference on Pervasive and Ubiquitous Computing: Adjunct,UbiComp '16,,978-1-4503-4462-3,"Heidelberg, Germany",ACM,"New York, NY, USA"
article,2479641,Ian  Li and Jon  Froehlich and Jakob E. Larsen and Catherine  Grevet and Ernesto  Ramirez,,,,Personal Informatics in the Wild: Hacking Habits for Health &#38; Happiness,3179--3182,,4,"awareness, behavior, life logging, personal informatics, reflection, visualizations",10.1145/2468356.2479641,,,,,,,2013,,CHI '13 Extended Abstracts on Human Factors in Computing Systems,CHI EA '13,,978-1-4503-1952-2,"Paris, France",ACM,"New York, NY, USA"
article,2212724,Ian  Li and Yevgeniy  Medynskiy and Jon  Froehlich and Jakob  Larsen,,,,Personal Informatics in Practice: Improving Quality of Life Through Data,2799--2802,,4,"awareness, behavior, lifelogging, personal informatics, quantified self, reflection, visualizations",10.1145/2212776.2212724,,,,,,,2012,,CHI '12 Extended Abstracts on Human Factors in Computing Systems,CHI EA '12,,978-1-4503-1016-1,"Austin, Texas, USA",ACM,"New York, NY, USA"
article,2800954,Federica  Cena and Silvia  Likavec and Amon  Rapp,,,,Quantified Self and Modeling of Human Cognition,1021--1026,,6,"cognitive assessment, cognitive modeling, personal informatics, quantified self, user modeling",10.1145/2800835.2800954,,,,,,,2015,,Adjunct Proceedings of the 2015 ACM International Joint Conference on Pervasive and Ubiquitous Computing and Proceedings of the 2015 ACM International Symposium on Wearable Computers,UbiComp/ISWC'15 Adjunct,,978-1-4503-3575-1,"Osaka, Japan",ACM,"New York, NY, USA"
article,2892541,Dawn  Nafus and Pete  Denman and Lenitra  Durham and Omar  Florez and Lama  Nachman and Saurav  Sahay and Evan  Savage and Sangita  Sharma and Devon  Strawn and Rita H. Wouhaybi,,,,As Simple As Possible but No Simpler: Creating Flexibility in Personal Informatics,1445--1452,,8,"data literacy, data processing, personal informatics, self-tracking",10.1145/2851581.2892541,,,,,,,2016,,Proceedings of the 2016 CHI Conference Extended Abstracts on Human Factors in Computing Systems,CHI EA '16,,978-1-4503-4082-3,"San Jose, California, USA",ACM,"New York, NY, USA"
article,2468611,Sen H. Hirano and Robert G. Farrell and Catalina M. Danis and Wendy A. Kellogg,,,,WalkMinder: Encouraging an Active Lifestyle Using Mobile Phone Interruptions,1431--1436,,6,"health informatics, personal informatics, persuasive technology, physical activity",10.1145/2468356.2468611,,,,,,,2013,,CHI '13 Extended Abstracts on Human Factors in Computing Systems,CHI EA '13,,978-1-4503-1952-2,"Paris, France",ACM,"New York, NY, USA"
article,2892406,Amid  Ayobi and Paul  Marshall and Anna L. Cox,,,,Reflections on 5 Years of Personal Informatics: Rising Concerns and Emerging Directions,2774--2781,,8,"activity tracking, lived informatics, personal informatics, quantified self, self-tracking",10.1145/2851581.2892406,,,,,,,2016,,Proceedings of the 2016 CHI Conference Extended Abstracts on Human Factors in Computing Systems,CHI EA '16,,978-1-4503-4082-3,"San Jose, California, USA",ACM,"New York, NY, USA"
article,2800964,Stephen  Voida and Yuan  Jia and Yamini  Karanam and Alex  Chambers and Joe  Dara and Abdulaziz  Alderhami and Kunal  Bodke and Dushyant  Shrikhande and Jessica  Despard,,,,"Challenges, Feedback &#38; Notifications: Empirical Explorations to Inform the Design of Interfaces to Motivate and Encourage Long-term Personal Informatics Use",1081--1086,,6,"affordances, empirical studies, feedback, interaction design, motivation, notifications, personal informatics",10.1145/2800835.2800964,,,,,,,2015,,Adjunct Proceedings of the 2015 ACM International Joint Conference on Pervasive and Ubiquitous Computing and Proceedings of the 2015 ACM International Symposium on Wearable Computers,UbiComp/ISWC'15 Adjunct,,978-1-4503-3575-1,"Osaka, Japan",ACM,"New York, NY, USA"
article,2638794,Ryan  Ahmed and Alex  Chambers and Michael  Frontz and Stephen  Voida,,,,A Tangible Approach to Time Management,207--210,,4,"ambient display, distributed cognition, personal informatics, phidgets, tangible user interface",10.1145/2638728.2638794,,,,,,,2014,,Proceedings of the 2014 ACM International Joint Conference on Pervasive and Ubiquitous Computing: Adjunct Publication,UbiComp '14 Adjunct,,978-1-4503-3047-3,"Seattle, Washington",ACM,"New York, NY, USA"
article,3173017,Nediyana  Daskalova,,,,Personalized Behavior-Powered Systems for Guiding Self-Experiments,DC06:1--DC06:4,DC06,4,"personal informatics, self-experiments, self-tracking, sleep recommendations",10.1145/3170427.3173017,,,,,,,2018,,Extended Abstracts of the 2018 CHI Conference on Human Factors in Computing Systems,CHI EA '18,,978-1-4503-5621-3,"Montreal QC, Canada",ACM,"New York, NY, USA"
article,3053082,Zhida  Sun and Nan  Cao and Xiaojuan  Ma,,,,"Attention, Comprehension, Execution: Effects of Different Designs of Biofeedback Display",2132--2139,,8,"biofeedback, design, personal informatics, visual display, visualization, well-being",10.1145/3027063.3053082,,,,,,,2017,,Proceedings of the 2017 CHI Conference Extended Abstracts on Human Factors in Computing Systems,CHI EA '17,,978-1-4503-4656-6,"Denver, Colorado, USA",ACM,"New York, NY, USA"
article,3226218,Cataldo  Musto and Giovanni  Semeraro and Cosimo  Lovascio and Marco  de Gemmis and Pasquale  Lops,,,,A Framework for Holistic User Modeling Merging Heterogeneous Digital Footprints,97--101,,5,"content analytics, personal informatics, personalization, quantified self, user modeling",10.1145/3213586.3226218,,,,,,,2018,,"Adjunct Publication of the 26th Conference on User Modeling, Adaptation and Personalization",UMAP '18,,978-1-4503-5784-5,"Singapore, Singapore",ACM,"New York, NY, USA"
article,2794318,Assunta  Matassa and Amon  Rapp,,,,Map: Making: Designing a Mobile Application for Enhancing Memories' Retrieval,994--1001,,8,"Cognitive Enhancement, Cognitive Quantified Self, Memory, Personal Informatics, Quantified Self",10.1145/2786567.2794318,,,,,,,2015,,Proceedings of the 17th International Conference on Human-Computer Interaction with Mobile Devices and Services Adjunct,MobileHCI '15,,978-1-4503-3653-6,"Copenhagen, Denmark",ACM,"New York, NY, USA"
article,2968327,Benjamin  Johansen and Michael Kai Petersen and Jakob Eg Larsen,,,,Obtaining Data on Hearing Experience Through Self-tracking,594--599,,6,"cognition, hearing aids, non-clinical setup, personal informatics, quantified self, smartphone, wearables, working memory capacity",10.1145/2968219.2968327,,,,,,,2016,,Proceedings of the 2016 ACM International Joint Conference on Pervasive and Ubiquitous Computing: Adjunct,UbiComp '16,,978-1-4503-4462-3,"Heidelberg, Germany",ACM,"New York, NY, USA"
article,2892385,Elizaveta  Temir and Aisling Ann  O'Kane and Paul  Marshall and Ann  Blandford,,,,Running: A Flexible Situated Study,2906--2914,,9,"apps, context, exercise, fitness, mobile, personal informatics, running, situated studies, wellbeing",10.1145/2851581.2892385,,,,,,,2016,,Proceedings of the 2016 CHI Conference Extended Abstracts on Human Factors in Computing Systems,CHI EA '16,,978-1-4503-4082-3,"San Jose, California, USA",ACM,"New York, NY, USA"
article,3312867,Ciaran B. Trace and Yan  Zhang,,,,Towards a Typology of Self-Tracking Gaps,LBW2515:1--LBW2515:6,LBW2515,6,"data gaps, data practices, personal data, personal informatics, quantified-self, self-tracking, small data",10.1145/3290607.3312867,,,,,,,2019,,Extended Abstracts of the 2019 CHI Conference on Human Factors in Computing Systems,CHI EA '19,,978-1-4503-5971-9,"Glasgow, Scotland Uk",ACM,"New York, NY, USA"
article,2641315,Jon E. Froehlich and Matthew  Kay and Jakob Eg Larsen and Edison  Thomaz,,,,Disasters in Personal Informatics: The Unpublished Stories of Failure and Lessons Learned,673--678,,6,"financial tracking, health, methods, personal informatics, quantified self, studies, sustainability, technologies",10.1145/2638728.2641315,,,,,,,2014,,Proceedings of the 2014 ACM International Joint Conference on Pervasive and Ubiquitous Computing: Adjunct Publication,UbiComp '14 Adjunct,,978-1-4503-3047-3,"Seattle, Washington",ACM,"New York, NY, USA"
article,2702632,Chris  Elsden and David  Kirk and Mark  Selby and Chris  Speed,,,,Beyond Personal Informatics: Designing for Experiences with Data,2341--2344,,4,"design fiction, experienced-centred design, internet of things, personal informatics, quantified self",10.1145/2702613.2702632,,,,,,,2015,,Proceedings of the 33rd Annual ACM Conference Extended Abstracts on Human Factors in Computing Systems,CHI EA '15,,978-1-4503-3146-3,"Seoul, Republic of Korea",ACM,"New York, NY, USA"
article,2968323,Ricardo  Sol and Karolina  Baras,,,,Assessment of Activity Trackers: Toward an Acceptance Model,570--575,,6,"personal data tracking, personal informatics, sports/exercise, survey, ubiquitous systems, user acceptance, wearable computers",10.1145/2968219.2968323,,,,,,,2016,,Proceedings of the 2016 ACM International Joint Conference on Pervasive and Ubiquitous Computing: Adjunct,UbiComp '16,,978-1-4503-4462-3,"Heidelberg, Germany",ACM,"New York, NY, USA"
article,2968319,Zilu  Liang and Mario Alberto Chapa Martell and Takuichi  Nishimura,,,,Mining Hidden Correlations Between Sleep and Lifestyle Factors from Quantified-self Data,547--552,,6,"activity tracking, association rules mining, data mining, health, personal informatics, quantified self, sleep",10.1145/2968219.2968319,,,,,,,2016,,Proceedings of the 2016 ACM International Joint Conference on Pervasive and Ubiquitous Computing: Adjunct,UbiComp '16,,978-1-4503-4462-3,"Heidelberg, Germany",ACM,"New York, NY, USA"
article,2800956,Sarzotti  Federico,,,,A Tangible Personal Informatics System for an Amusing Self-reporting,1033--1038,,6,"behavior change, personal informatics, quantified self, self-tracking, tangible interfaces, ubicomp technologies",10.1145/2800835.2800956,,,,,,,2015,,Adjunct Proceedings of the 2015 ACM International Joint Conference on Pervasive and Ubiquitous Computing and Proceedings of the 2015 ACM International Symposium on Wearable Computers,UbiComp/ISWC'15 Adjunct,,978-1-4503-3575-1,"Osaka, Japan",ACM,"New York, NY, USA"
article,2638800,Yamini  Karanam and Leslie  Filko and Lindsay  Kaser and Hanan  Alotaibi and Elham  Makhsoom and Stephen  Voida,,,,Motivational Affordances and Personality Types in Personal Informatics,79--82,,4,"gamified self-trackers, motivational affordances, personal informatics, personality based UI, persuasive mechanisms",10.1145/2638728.2638800,,,,,,,2014,,Proceedings of the 2014 ACM International Joint Conference on Pervasive and Ubiquitous Computing: Adjunct Publication,UbiComp '14 Adjunct,,978-1-4503-3047-3,"Seattle, Washington",ACM,"New York, NY, USA"
article,2801643,Daniel A. Epstein,,,,Personal Informatics in Everyday Life,429--434,,6,"finances, food journaling, lived informatics, location, personal informatics, physical activity, self-tracking",10.1145/2800835.2801643,,,,,,,2015,,Adjunct Proceedings of the 2015 ACM International Joint Conference on Pervasive and Ubiquitous Computing and Proceedings of the 2015 ACM International Symposium on Wearable Computers,UbiComp/ISWC'15 Adjunct,,978-1-4503-3575-1,"Osaka, Japan",ACM,"New York, NY, USA"
article,3188530,Cillian  Dudley and Simon L. Jones,,,,Fitbit for the Mind?: An Exploratory Study of 'Cognitive Personal Informatics',LBW542:1--LBW542:6,LBW542,6,"brain computer interfaces, eeg, health, personal informatics, quantified self, self-tracking",10.1145/3170427.3188530,,,,,,,2018,,Extended Abstracts of the 2018 CHI Conference on Human Factors in Computing Systems,CHI EA '18,,978-1-4503-5621-3,"Montreal QC, Canada",ACM,"New York, NY, USA"
article,3313017,Ciaran B. Trace and Yan  Zhang,,,,Configuring Personal Data for a Quantified-Self Archive,LBW2514:1--LBW2514:6,LBW2514,6,"archive, digital archive, personal data, personal informatics, quantified-self, self-tracking, small data",10.1145/3290607.3313017,,,,,,,2019,,Extended Abstracts of the 2019 CHI Conference on Human Factors in Computing Systems,CHI EA '19,,978-1-4503-5971-9,"Glasgow, Scotland Uk",ACM,"New York, NY, USA"
article,2800952,Farahnaz  Yekeh and Judy  Kay and Lie Ming Tang and Bob  Kummerfeld,,,,"Formative Studies of SAL, Simple Situated Ambient Loggers",1009--1014,,6,"diet, logger, long-term health and well-being, nutrition, personal informatics, persuasive, pervasive",10.1145/2800835.2800952,,,,,,,2015,,Adjunct Proceedings of the 2015 ACM International Joint Conference on Pervasive and Ubiquitous Computing and Proceedings of the 2015 ACM International Symposium on Wearable Computers,UbiComp/ISWC'15 Adjunct,,978-1-4503-3575-1,"Osaka, Japan",ACM,"New York, NY, USA"
article,3027065,Chris  Elsden and Aisling  O'Kane and Paul  Marshall and Abigail  Durrant and Rowanne  Fleck and John  Rooksby and Deborah  Lupton,,,,Quantified Data &#38; Social Relationships,644--651,,8,"data-driven life, experience-centred design, personal informatics, quantified self, relationships, social computing",10.1145/3027063.3027065,,,,,,,2017,,Proceedings of the 2017 CHI Conference Extended Abstracts on Human Factors in Computing Systems,CHI EA '17,,978-1-4503-4656-6,"Denver, Colorado, USA",ACM,"New York, NY, USA"
article,1878167,Noreen  Kamal and Sidney  Fels and Kendall  Ho,,,,Online Social Networks for Personal Informatics to Promote Positive Health Behavior,47--52,,6,"health behavior change, life logging, personal health informatics, personal health management, personal informatics",10.1145/1878151.1878167,,,,,,,2010,,Proceedings of Second ACM SIGMM Workshop on Social Media,WSM '10,,978-1-4503-0173-2,"Firenze, Italy",ACM,"New York, NY, USA"
article,2641319,Andrea  Cuttone and Jakob Eg Larsen,,,,The Long Tail Issue in Large Scale Deployment of Personal Informatics,691--694,,4,"behavior change, deployment, feedback interfaces, large-scale mobile sensing, mobility, personal informatics, quantified self, self-tracking, social interaction",10.1145/2638728.2641319,,,,,,,2014,,Proceedings of the 2014 ACM International Joint Conference on Pervasive and Ubiquitous Computing: Adjunct Publication,UbiComp '14 Adjunct,,978-1-4503-3047-3,"Seattle, Washington",ACM,"New York, NY, USA"
article,2642737,Mimmi  Sj&#246;klint,,,,The Measurable Me: The Influence of Self-quantification on the Online User's Decision-making Process,131--137,,7,"behavioral economics, cognitive processes, decision-making, personal informatics, pointification, push and pull effect, quantified self, self-quantification, ubiquitous sensory devices, wearable technology",10.1145/2641248.2642737,,,,,,,2014,,Proceedings of the 2014 ACM International Symposium on Wearable Computers: Adjunct Program,ISWC '14 Adjunct,,978-1-4503-3048-0,"Seattle, Washington",ACM,"New York, NY, USA"
article,2509397,Andrea  Cuttone and Sune  Lehmann and Jakob Eg  Larsen,,,,A Mobile Personal Informatics System with Interactive Visualizations of Mobility and Social Interactions,27--30,,4,"feedback interface, mobile sensing, mobility, personal data, quantified self, self-tracking, social interaction, visualization",10.1145/2509352.2509397,,,,,,,2013,,Proceedings of the 1st ACM International Workshop on Personal Data Meets Distributed Multimedia,PDM '13,,978-1-4503-2397-0,"Barcelona, Spain",ACM,"New York, NY, USA"
article,2581326,Greg  Walsh and Jennifer  Golbeck,,,,StepCity: A Preliminary Investigation of a Personal Informatics-based Social Game on Behavior Change,2371--2376,,6,"exercise, fitbit, games, games with a purpose, gamification, serious games",10.1145/2559206.2581326,,,,,,,2014,,CHI '14 Extended Abstracts on Human Factors in Computing Systems,CHI EA '14,,978-1-4503-2474-8,"Toronto, Ontario, Canada",ACM,"New York, NY, USA"
article,2732842,Corina  Sas and Scott  Challioner and Christopher  Clarke and Ross  Wilson and Alina  Coman and Sarah  Clinch and Mike  Harding and Nigel  Davies,,,,Self-Defining Memory Cues: Creative Expression and Emotional Meaning,2013--2018,,6,"creativity, doodling, emotions, episodic memory recall, meaningful daily events, self-generated cues",10.1145/2702613.2732842,,,,,,,2015,,Proceedings of the 33rd Annual ACM Conference Extended Abstracts on Human Factors in Computing Systems,CHI EA '15,,978-1-4503-3146-3,"Seoul, Republic of Korea",ACM,"New York, NY, USA"
article,2580934,William  Saunders and Filip  Krynicki and Valerie  Sugarman,,,,Sisyphorest: Maintenance Goal Support by Responding to Trends,215--220,,6,"goal-tracking, maintenance goals, quantified self",10.1145/2559206.2580934,,,,,,,2014,,CHI '14 Extended Abstracts on Human Factors in Computing Systems,CHI EA '14,,978-1-4503-2474-8,"Toronto, Ontario, Canada",ACM,"New York, NY, USA"
article,3170631,Bongshin  Lee and Matthew  Brehmer and Petra  Isenberg and Eun Kyoung  Choe and Ricardo  Langner and Raimund  Dachselt,,,,Data Visualization on Mobile Devices,W07:1--W07:8,W07,8,"data visualization, interaction, mobile devices, mobile visualization, visualization design",10.1145/3170427.3170631,,,,,,,2018,,Extended Abstracts of the 2018 CHI Conference on Human Factors in Computing Systems,CHI EA '18,,978-1-4503-5621-3,"Montreal QC, Canada",ACM,"New York, NY, USA"
article,2800958,Souneil  Park and Jose San Pedro and Nuria  Oliver,,,,MobiTop: Bringing Topic-based Reflection to Mobile Browsing Habits,1045--1050,,6,"mobile browsing habits, self-reflection, topic mining",10.1145/2800835.2800958,,,,,,,2015,,Adjunct Proceedings of the 2015 ACM International Joint Conference on Pervasive and Ubiquitous Computing and Proceedings of the 2015 ACM International Symposium on Wearable Computers,UbiComp/ISWC'15 Adjunct,,978-1-4503-3575-1,"Osaka, Japan",ACM,"New York, NY, USA"
article,2212860,Sten  Govaerts and Katrien  Verbert and Erik  Duval and Abelardo  Pardo,,,,The Student Activity Meter for Awareness and Self-reflection,869--884,,16,"awareness, evaluation, monitoring, self-reflection, teaching, visualization",10.1145/2212776.2212860,,,,,,,2012,,CHI '12 Extended Abstracts on Human Factors in Computing Systems,CHI EA '12,,978-1-4503-1016-1,"Austin, Texas, USA",ACM,"New York, NY, USA"
article,3313772,Chris  Elsden,,,,SIGCHI Outstanding Dissertation Award: A Quantified Past,Award4:1--Award4:5,Award4,5,"data-driven life, documentary informatics, quantified self, remembering, speculative methods",10.1145/3290607.3313772,,,,,,,2019,,Extended Abstracts of the 2019 CHI Conference on Human Factors in Computing Systems,CHI EA '19,,978-1-4503-5971-9,"Glasgow, Scotland Uk",ACM,"New York, NY, USA"
proceeding,2509352,,,,General Chair-Vivek K. Singh and General Chair-Tat-Seng  Chua and General Chair-Ramesh  Jain and General Chair-Alex Sandy Pentland,,,,,,,,,,,,,2013,,Proceedings of the 1st ACM International Workshop on Personal Data Meets Distributed Multimedia,,,978-1-4503-2397-0,"Barcelona, Spain",ACM,"New York, NY, USA"
article,3226201,Cataldo  Musto and Amon  Rapp and Federica  Cena and Frank  Hopfgartner and Judy  Kay and Giovanni  Semeraro,,,,UMAP 2018 HUM (Holistic User Modeling) Workshop Chairs' Preface &#38;Organization,87--89,,3,"co-located workshop, holistic user modeling",10.1145/3213586.3226201,,,,,,,2018,,"Adjunct Publication of the 26th Conference on User Modeling, Adaptation and Personalization",UMAP '18,,978-1-4503-5784-5,"Singapore, Singapore",ACM,"New York, NY, USA"
article,1731792,Andrea  Girardello and Giancarlo  Succi,,,,GPROM: A Tool for Non-invasive Personal Tracking,48:1--48:5,48,5,"Android, PROM, measurements, mobile phone, personal tracking",10.1145/1731740.1731792,,,,,,,2009,,Proceedings of the International Conference on Computer Systems and Technologies and Workshop for PhD Students in Computing,CompSysTech '09,,978-1-60558-986-2,"Ruse, Bulgaria",ACM,"New York, NY, USA"
article,3053080,Davis  Buls and John  Rooksby,,,,Technology for Self-Management of Rosacea: A Survey and Field Trial,1516--1523,,8,"personal tracking, prototype, self management, survey",10.1145/3027063.3053080,,,,,,,2017,,Proceedings of the 2017 CHI Conference Extended Abstracts on Human Factors in Computing Systems,CHI EA '17,,978-1-4503-4656-6,"Denver, Colorado, USA",ACM,"New York, NY, USA"
article,1878081,Aristodemos  Pnevmatikakis and Nikos  Katsarakis and Paul  Chippendale and Claudio  Andreatta and Stefano  Messelodi and Carla Maria  Modena and Francesco  Tobia,,,,Tracking for Context Extraction in Athletic Events,67--72,,6,"face and text detection, motion analysis, person tracking, scene segmentation",10.1145/1878061.1878081,,,,,,,2010,,"Proceedings of the 2010 ACM Workshop on Social, Adaptive and Personalized Multimedia Interaction and Access",SAPMIA '10,,978-1-4503-0171-8,"Firenze, Italy",ACM,"New York, NY, USA"
article,2891092,Eitan  Mendelowitz and Damon  Seeley and David  Glicksman,,,,"Whorl: An Immersive Dive into a World of Flowers, Color, and Play",3871--3874,,4,"digital ecology, embodied interaction, interactive environment, interactivity, person-tracking",10.1145/2851581.2891092,,,,,,,2016,,Proceedings of the 2016 CHI Conference Extended Abstracts on Human Factors in Computing Systems,CHI EA '16,,978-1-4503-4082-3,"San Jose, California, USA",ACM,"New York, NY, USA"
article,2801612,Christian  Meurisch and Benedikt  Schmidt and Michael  Scholz and Immanuel  Schweizer and Max  M&#252;hlh&#228;user,,,,Labels: Quantified Self App for Human Activity Sensing,1413--1422,,10,"annotated dataset, heterogeneous information sources, human activity sensing, personal tracking, quantified self",10.1145/2800835.2801612,,,,,,,2015,,Adjunct Proceedings of the 2015 ACM International Joint Conference on Pervasive and Ubiquitous Computing and Proceedings of the 2015 ACM International Symposium on Wearable Computers,UbiComp/ISWC'15 Adjunct,,978-1-4503-3575-1,"Osaka, Japan",ACM,"New York, NY, USA"
article,1631107,Lakshmi  Gade and Sreekar  Krishna and Sethuraman  Panchanathan,,,,Person Localization Using a Wearable Camera Towards Enhancing Social Interactions for Individuals with Visual Impairment,53--62,,10,"computer vision, mobile camera, object tracking, person tracking, social interactions, wearable camera",10.1145/1631097.1631107,,,,,,,2009,,Proceedings of the 1st ACM SIGMM International Workshop on Media Studies and Implementations That Help Improving Access to Disabled Users,MSIADU '09,,978-1-60558-764-6,"Beijing, China",ACM,"New York, NY, USA"
article,1132992,Xueli  An and Jing  Wang and R. Venkatesha Prasad and I. G. M. M. Niemegeers,,,,OPT: Online Person Tracking System for Context-awareness in Wireless Personal Network,47--54,,8,"localization, tmotes, weighted MMSE",10.1145/1132983.1132992,,,,,,,2006,,Proceedings of the 2Nd International Workshop on Multi-hop Ad Hoc Networks: From Theory to Reality,REALMAN '06,,1-59593-360-3,"Florence, Italy",ACM,"New York, NY, USA"
article,1133008,Xueli  An and Jing  Wang and R. Venkatesha Prasad and I. G. M. M. Niemegeers,,,,OPT: Online Person Tracking System for Context-awareness in Wireless Personal Network,119--121,,3,"Tmotes, localization, weighted MMSE",10.1145/1132983.1133008,,,,,,,2006,,Proceedings of the 2Nd International Workshop on Multi-hop Ad Hoc Networks: From Theory to Reality,REALMAN '06,,1-59593-360-3,"Florence, Italy",ACM,"New York, NY, USA"
article,1273388,Gerasimos  Potamianos,,,,Audio-visual Technologies for Lecture and Meeting Analysis Inside Smart Rooms,7--7,,1,"face detection, meeting data, speaker diarization, speech activity detection, speech processing, speech recognition, visual tracking",,,,,,,,2006,,Proceedings of the HCSNet Workshop on Use of Vision in Human-computer Interaction - Volume 56,VisHCI '06,,,"Canberra, Australia","Australian Computer Society, Inc.","Darlinghurst, Australia, Australia"
article,3134237,Stefan  L&#252;dtke and Max  Schr&#246;der and Frank  Kr&#252;ger and Thomas  Kirste,,,,Where Are My Colleagues?: Tracking and Counting Multiple Persons Using Lifted Marginal Filtering,6:1--6:6,6,6,"Bayesian filtering, Rao-Blackwellization, abstraction, data association, lifted probabilistic inference, multiple object tracking",10.1145/3134230.3134237,,,,,,,2017,,Proceedings of the 4th International Workshop on Sensor-based Activity Recognition and Interaction,iWOAR '17,,978-1-4503-5223-9,"Rostock, Germany",ACM,"New York, NY, USA"
article,2980127,Yaxiong  Xie and Jie  Xiong and Mo  Li and Kyle  Jamieson,,,,xD-track: Leveraging Multi-dimensional Information for Passive Wi-fi Tracking,39--43,,5,,10.1145/2980115.2980127,,,,,,,2016,,Proceedings of the 3rd Workshop on Hot Topics in Wireless,HotWireless '16,,978-1-4503-4251-3,"New York City, New York",ACM,"New York, NY, USA"
article,3281158,Carla  Viegas and Shing-Hon  Lau and Roy  Maxion and Alexander  Hauptmann,,,,Distinction of Stress and Non-stress Tasks Using Facial Action Units,7:1--7:6,7,6,"affective computing, facial action units, stress detection",10.1145/3281151.3281158,,,,,,,2018,,Proceedings of the 20th International Conference on Multimodal Interaction: Adjunct,ICMI '18,,978-1-4503-6002-9,"Boulder, Colorado",ACM,"New York, NY, USA"
article,2983584,Maarten  den Braber,,,,The Emergence of Quantified Self As a Data-driven Movement to Promote Health and Wellness,1--1,,1,"lifelogging, quantified self",10.1145/2983576.2983584,,,,,,,2016,,Proceedings of the First Workshop on Lifelogging Tools and Applications,LTA '16,,978-1-4503-4517-0,"Amsterdam, The Netherlands",ACM,"New York, NY, USA"
article,2641321,Victor R. Lee and Mary  Briggs,,,,Lessons Learned from an Initial Effort to Bring a Quantified Self Meetup Experience to a New Demographic,707--710,,4,"education, high school, quantified self",10.1145/2638728.2641321,,,,,,,2014,,Proceedings of the 2014 ACM International Joint Conference on Pervasive and Ubiquitous Computing: Adjunct Publication,UbiComp '14 Adjunct,,978-1-4503-3047-3,"Seattle, Washington",ACM,"New York, NY, USA"
article,2968315,Aris  Alissandrakis and Isabella  Nake,,,,A New Approach for Visualizing Quantified Self Data Using Avatars,522--527,,6,"avatars, data visualization, quantified self",10.1145/2968219.2968315,,,,,,,2016,,Proceedings of the 2016 ACM International Joint Conference on Pervasive and Ubiquitous Computing: Adjunct,UbiComp '16,,978-1-4503-4462-3,"Heidelberg, Germany",ACM,"New York, NY, USA"
article,2732815,Dhaval  Vyas and Zachary  Fitz-walter and Erica  Mealy and Alessandro  Soro and Jinglan  Zhang and Margot  Brereton,,,,Exploring Physical Activities in an Employer-Sponsored Health Program,1421--1426,,6,"HCI, activity monitoring, quantified self",10.1145/2702613.2732815,,,,,,,2015,,Proceedings of the 33rd Annual ACM Conference Extended Abstracts on Human Factors in Computing Systems,CHI EA '15,,978-1-4503-3146-3,"Seoul, Republic of Korea",ACM,"New York, NY, USA"
article,2968328,Shaleph  O'Neill,,,,Stripe Painting: A Method of Expressing the Experience of Cycling Through 'Quantified Self' Data Visualisation,600--601,,2,"art, cycling, data, quantified self",10.1145/2968219.2968328,,,,,,,2016,,Proceedings of the 2016 ACM International Joint Conference on Pervasive and Ubiquitous Computing: Adjunct,UbiComp '16,,978-1-4503-4462-3,"Heidelberg, Germany",ACM,"New York, NY, USA"
article,2971398,Shoya  Ishimaru and Kai  Kunze and Koichi  Kise and Andreas  Dengel,,,,The Wordometer 2.0: Estimating the Number of Words You Read in Real Life Using Commercial EOG Glasses,293--296,,4,"electrooculography, eye movement, quantified self, reading",10.1145/2968219.2971398,,,,,,,2016,,Proceedings of the 2016 ACM International Joint Conference on Pervasive and Ubiquitous Computing: Adjunct,UbiComp '16,,978-1-4503-4462-3,"Heidelberg, Germany",ACM,"New York, NY, USA"
article,3312885,Mick  Jongeling and Dan  Xu and Ilaria  Zonda and Gijs  Huisman,,,,Opportunities of Quantified Self for Resocialisation of (Ex-)Convicts,LBW1318:1--LBW1318:6,LBW1318,6,"quantified self, recidivism, resocializaton, sovereign self",10.1145/3290607.3312885,,,,,,,2019,,Extended Abstracts of the 2019 CHI Conference on Human Factors in Computing Systems,CHI EA '19,,978-1-4503-5971-9,"Glasgow, Scotland Uk",ACM,"New York, NY, USA"
article,2496003,Assunta  Matassa and Amon  Rapp and Rossana  Simeoni,,,,Designing for Smart Cities: Connecting and Binding Citizens to Urban Spaces Through a New Wearable Interactive System,757--760,,4,"quantified self, smart cities, wearable computing",10.1145/2494091.2496003,,,,,,,2013,,Proceedings of the 2013 ACM Conference on Pervasive and Ubiquitous Computing Adjunct Publication,UbiComp '13 Adjunct,,978-1-4503-2215-7,"Zurich, Switzerland",ACM,"New York, NY, USA"
article,2479516,Dhairya  Dand,,,,Cheers: Alcohol-aware Strobing Ice Cubes,2795--2796,,2,"alcohol consumption, quantified self, tangible objects",10.1145/2468356.2479516,,,,,,,2013,,CHI '13 Extended Abstracts on Human Factors in Computing Systems,CHI EA '13,,978-1-4503-1952-2,"Paris, France",ACM,"New York, NY, USA"
article,2580937,Kevin  Gaunt and J&#250;lia  Nacsa and Marcel  Penz,,,,Baby Lucent: Pitfalls of Applying Quantified Self to Baby Products,263--268,,6,"infant body data, quantified baby and family products, quantified self, quantified self obstacles, smart pacifiers",10.1145/2559206.2580937,,,,,,,2014,,CHI '14 Extended Abstracts on Human Factors in Computing Systems,CHI EA '14,,978-1-4503-2474-8,"Toronto, Ontario, Canada",ACM,"New York, NY, USA"
article,2580935,Max S. Wenger and Jarad  Bell and Peter  McEvoy and Cherie  Yamaguchi and Auriana  Shokrpour,,,,Bloom: Fostering Healthy and Peaceful Pregnancies with Personal Analytics,245--250,,6,"body data, persuasive design, quantified self, self-monitoring, self-tracking",10.1145/2559206.2580935,,,,,,,2014,,CHI '14 Extended Abstracts on Human Factors in Computing Systems,CHI EA '14,,978-1-4503-2474-8,"Toronto, Ontario, Canada",ACM,"New York, NY, USA"
article,2581283,Heather S. Packer and Gustavo  Buzogany and Daniel Alexander Smith and Laura  Dragan and Max  Van Kleek and Nigel R. Shadbolt,,,,The Editable Self: A Workbench for Personal Activity Data,2185--2190,,6,"health monitoring, health sensors, interfaces, quantified self, self-tracking",10.1145/2559206.2581283,,,,,,,2014,,CHI '14 Extended Abstracts on Human Factors in Computing Systems,CHI EA '14,,978-1-4503-2474-8,"Toronto, Ontario, Canada",ACM,"New York, NY, USA"
article,2800953,Jeong-Ki  Hong and Bon-Chang  Koo and So-Ryang  Ban and Jun-Dong  Cho and Andrea  Bianchi,,,,BeuPo: A Digital Plant That You Can Raise and Customize with Your Current Posture,1015--1020,,6,"digital planting, fostering system, gamified application, posture tracking, quantified self",10.1145/2800835.2800953,,,,,,,2015,,Adjunct Proceedings of the 2015 ACM International Joint Conference on Pervasive and Ubiquitous Computing and Proceedings of the 2015 ACM International Symposium on Wearable Computers,UbiComp/ISWC'15 Adjunct,,978-1-4503-3575-1,"Osaka, Japan",ACM,"New York, NY, USA"
article,2892575,Nina  Runge and Johannes  Sch&#246;ning and Rainer  Malaka and Alberto  Frigo,,,,You Can Touch This: Eleven Years and 258218 Images of Objects,541--552,,12,"life logging, quantified self, tangible interaction, touch interaction",10.1145/2851581.2892575,,,,,,,2016,,Proceedings of the 2016 CHI Conference Extended Abstracts on Human Factors in Computing Systems,CHI EA '16,,978-1-4503-4082-3,"San Jose, California, USA",ACM,"New York, NY, USA"
article,2495973,Assunta  Matassa and Amon  Rapp and Rossana  Simeoni,,,,Wearable Accessories for Cycling: Tracking Memories in Urban Spaces,415--424,,10,"e-textiles, quantified self, urban spaces, wearable computing",10.1145/2494091.2495973,,,,,,,2013,,Proceedings of the 2013 ACM Conference on Pervasive and Ubiquitous Computing Adjunct Publication,UbiComp '13 Adjunct,,978-1-4503-2215-7,"Zurich, Switzerland",ACM,"New York, NY, USA"
article,3270600,Zhuying  Li,,,,Understanding the Design of Playful Experiences Around Ingestible Sensors,33--38,,6,"ingestible sensors, interaction design, play, quantified self, research-through-design.",10.1145/3270316.3270600,,,,,,,2018,,Proceedings of the 2018 Annual Symposium on Computer-Human Interaction in Play Companion Extended Abstracts,CHI PLAY '18 Extended Abstracts,,978-1-4503-5968-9,"Melbourne, VIC, Australia",ACM,"New York, NY, USA"
article,2809441,Assunta  Matassa and Valentina  Manuguerra,,,,Designing a Smart Plantar to Support People in Sport Activities,663--668,,6,"quantified self, smart object, smart plantar, wearable computing",10.1145/2800835.2809441,,,,,,,2015,,Adjunct Proceedings of the 2015 ACM International Joint Conference on Pervasive and Ubiquitous Computing and Proceedings of the 2015 ACM International Symposium on Wearable Computers,UbiComp/ISWC'15 Adjunct,,978-1-4503-3575-1,"Osaka, Japan",ACM,"New York, NY, USA"
article,3225224,Cataldo  Musto and Giovanni  Semeraro and Cosimo  Lovascio and Marco  de Gemmis and Pasquale  Lops,,,,Myrror: A Platform for Quantified Self and Holistic User Modeling,215--216,,2,"personal data, personalization, quantified self, recommender systems, user models",10.1145/3213586.3225224,,,,,,,2018,,"Adjunct Publication of the 26th Conference on User Modeling, Adaptation and Personalization",UMAP '18,,978-1-4503-5784-5,"Singapore, Singapore",ACM,"New York, NY, USA"
article,2732884,Hariharan  Subramonyam,,,,SIGCHI: Magic Mirror - Embodied Interactions for the Quantified Self,1699--1704,,6,"embodied interaction, multi-modal interfaces, quantified self, ubiquitous computing",10.1145/2702613.2732884,,,,,,,2015,,Proceedings of the 33rd Annual ACM Conference Extended Abstracts on Human Factors in Computing Systems,CHI EA '15,,978-1-4503-3146-3,"Seoul, Republic of Korea",ACM,"New York, NY, USA"
article,3027071,Marketa  Dolejsova and Denisa  Kera and Cristiano  Storni and Rohit Ashok Khot and Ivan John  Clement and Inka  Pavelka and Puneet  Kishor,,,,Digital Health &#38; Self-experimentation: Design Challenges &#38; Provocations,510--517,,8,"citizen science, digital health, quantified self, self-experimentation, self-tracking",10.1145/3027063.3027071,,,,,,,2017,,Proceedings of the 2017 CHI Conference Extended Abstracts on Human Factors in Computing Systems,CHI EA '17,,978-1-4503-4656-6,"Denver, Colorado, USA",ACM,"New York, NY, USA"
article,3248593,,,,Session Chair-Amon  Rapp and Session Chair-Federica  Cena and Session Chair-Judy  Kay and Session Chair-Bob  Kummerfeld and Session Chair-Frank  Hopfgartner and Session Chair-Till  Plumbaum and Session Chair-Jakob  Larsen and Session Chair-Kgs  Lyngby and Session Chair-Daniel  Epstein and Session Chair-R&#250;ben  Gouveia,Session Details: (Quantified Self) New Frontiers of Quantified Self 2: Going Beyond Numbers,--,,,,10.1145/3248593,,,,,,,2016,,Proceedings of the 2016 ACM International Joint Conference on Pervasive and Ubiquitous Computing: Adjunct,UbiComp '16,,978-1-4503-4462-3,"Heidelberg, Germany",ACM,"New York, NY, USA"
article,2560469,Jochen  Meyer and Steven  Simske and Katie A. Siek and Cathal G. Gurrin and Hermie  Hermens,,,,Beyond Quantified Self: Data for Wellbeing,95--98,,4,"data analysis, user oriented design, wellbeing",10.1145/2559206.2560469,,,,,,,2014,,CHI '14 Extended Abstracts on Human Factors in Computing Systems,CHI EA '14,,978-1-4503-2474-8,"Toronto, Ontario, Canada",ACM,"New York, NY, USA"
article,2800955,Federica  Cena and Assunta  Matassa,,,,Adopting a User Modeling Approach to Quantify the City,1027--1032,,6,"city model, crowdsensing, group model, quantified self, smart city, user model",10.1145/2800835.2800955,,,,,,,2015,,Adjunct Proceedings of the 2015 ACM International Joint Conference on Pervasive and Ubiquitous Computing and Proceedings of the 2015 ACM International Symposium on Wearable Computers,UbiComp/ISWC'15 Adjunct,,978-1-4503-3575-1,"Osaka, Japan",ACM,"New York, NY, USA"
article,3027127,Dmitri  Katz,,,,More Than Numbers: Designing Effective Diabetes Decision Support,286--290,,5,"health management, healthcare, internet of personal health, internet of things, quantified self, sensors, smartphone apps, wellbeing",10.1145/3027063.3027127,,,,,,,2017,,Proceedings of the 2017 CHI Conference Extended Abstracts on Human Factors in Computing Systems,CHI EA '17,,978-1-4503-4656-6,"Denver, Colorado, USA",ACM,"New York, NY, USA"
article,2732761,Rohit Ashok  Khot and Ryan  Pennings and Florian 'Floyd' Mueller,,,,EdiPulse: Supporting Physical Activity with Chocolate Printed Messages,1391--1396,,6,"3D printing, edible representations, food HCI, food printing, physical activity, quantified self",10.1145/2702613.2732761,,,,,,,2015,,Proceedings of the 33rd Annual ACM Conference Extended Abstracts on Human Factors in Computing Systems,CHI EA '15,,978-1-4503-3146-3,"Seoul, Republic of Korea",ACM,"New York, NY, USA"
article,2512882,Fangfang  Guo and Yu  Li and Mohan S. Kankanhalli and Michael S. Brown,,,,An Evaluation of Wearable Activity Monitoring Devices,31--34,,4,"activity monitoring, fitbit, fitness applications, life logging, nike+ fuelband, quantified self, social media",10.1145/2509352.2512882,,,,,,,2013,,Proceedings of the 1st ACM International Workshop on Personal Data Meets Distributed Multimedia,PDM '13,,978-1-4503-2397-0,"Barcelona, Spain",ACM,"New York, NY, USA"
article,2800963,Simon L. Jones,,,,Exploring Correlational Information in Aggregated Quantified Self Data Dashboards,1075--1080,,6,"correlation analysis, data aggregation, data dashboards, mashups, quantified self, self tracking",10.1145/2800835.2800963,,,,,,,2015,,Adjunct Proceedings of the 2015 ACM International Joint Conference on Pervasive and Ubiquitous Computing and Proceedings of the 2015 ACM International Symposium on Wearable Computers,UbiComp/ISWC'15 Adjunct,,978-1-4503-3575-1,"Osaka, Japan",ACM,"New York, NY, USA"
article,2968321,Ionut  Andone and Konrad  Blaszkiewicz and Mark  Eibes and Boris  Trendafilov and Christian  Montag and Alexander  Markowetz,,,,Menthal: Quantifying Smartphone Usage,559--564,,6,"data visualization, mobile computing, mobile devices, quantified self, user behavior observation",10.1145/2968219.2968321,,,,,,,2016,,Proceedings of the 2016 ACM International Joint Conference on Pervasive and Ubiquitous Computing: Adjunct,UbiComp '16,,978-1-4503-4462-3,"Heidelberg, Germany",ACM,"New York, NY, USA"
article,2806675,Pertti  Huuskonen and Jonna  H&#228;kkil&#228; and Keith  Cheverst,,,,Who Needs a Doctor Anymore? Risks and Promise of Mobile Health Apps,870--872,,3,"Health, mobile apps, mobile interaction, privacy, quantified self, wearable technologies, wellness",10.1145/2786567.2806675,,,,,,,2015,,Proceedings of the 17th International Conference on Human-Computer Interaction with Mobile Devices and Services Adjunct,MobileHCI '15,,978-1-4503-3653-6,"Copenhagen, Denmark",ACM,"New York, NY, USA"
article,2971356,Dmitri  Katz,,,,"Investigating the Viability of Automated, Intuitive, and Contextual Insights for Chronic Disease Self-management Using Ubiquitous Computing Technologies",423--428,,6,"health management, healthcare, internet of personal health, internet of things, quantified self, sensors, smartphone apps, wellbeing",10.1145/2968219.2971356,,,,,,,2016,,Proceedings of the 2016 ACM International Joint Conference on Pervasive and Ubiquitous Computing: Adjunct,UbiComp '16,,978-1-4503-4462-3,"Heidelberg, Germany",ACM,"New York, NY, USA"
article,2972709,Dmitri  Katz and Eirik  Arsand and Nick  Dalton and Simon  Holland and Clare  Martin and Carl Magnus Olsson and Blaine A. Price,,,,"Designing, Developing, and Evaluating the Future Internet of Personal Health",1068--1073,,6,"health management, healthcare, internet of personal health, internet of things, quantified self, sensors, smartphone apps, wellbeing",10.1145/2968219.2972709,,,,,,,2016,,Proceedings of the 2016 ACM International Joint Conference on Pervasive and Ubiquitous Computing: Adjunct,UbiComp '16,,978-1-4503-4462-3,"Heidelberg, Germany",ACM,"New York, NY, USA"
article,3268999,Woontack  Woo,,,,Augmented Human: Augmented Reality and Beyond,1--1,,1,"alternated realties, augmented human, augmented reality, e-personality, holistic quantified self",10.1145/3268998.3268999,,,,,,,2018,,Proceedings of the 3rd International Workshop on Multimedia Alternate Realities,AltMM'18,,978-1-4503-5979-5,"Seoul, Republic of Korea",ACM,"New York, NY, USA"
article,2638784,Sky Tien-Yun Huang and Akane  Sano and Chloe Mun Yee Kwan,,,,The Moment: A Mobile Tool for People with Depression or Bipolar Disorder,235--238,,4,"bipolar, data visualization, depression, emotion, mobile application, quantified self, self assessment, user experience, user interface",10.1145/2638728.2638784,,,,,,,2014,,Proceedings of the 2014 ACM International Joint Conference on Pervasive and Ubiquitous Computing: Adjunct Publication,UbiComp '14 Adjunct,,978-1-4503-3047-3,"Seattle, Washington",ACM,"New York, NY, USA"
article,2732807,Deedee A. Min and Yaejin  Kim and Sung A. Jang and Keun Young  Kim and Su-Eun  Jung and Ji-Hyun  Lee,,,,Pretty Pelvis: A Virtual Pet Application That Breaks Sedentary Time by Promoting Gestural Interaction,1259--1264,,6,"gestural interaction, interactive chair interface, quantified-self, sedentary behavior, virtual pet",10.1145/2702613.2732807,,,,,,,2015,,Proceedings of the 33rd Annual ACM Conference Extended Abstracts on Human Factors in Computing Systems,CHI EA '15,,978-1-4503-3146-3,"Seoul, Republic of Korea",ACM,"New York, NY, USA"
article,2983585,Alishia D. Williams,,,,Harnessing the Quantified Self Movement for Optimal Mental Health and Wellbeing,37--37,,1,"mental health, wearables, wellbeing",10.1145/2983576.2983585,,,,,,,2016,,Proceedings of the First Workshop on Lifelogging Tools and Applications,LTA '16,,978-1-4503-4517-0,"Amsterdam, The Netherlands",ACM,"New York, NY, USA"
article,3097625,Hossein  Shafagh and Anwar  Hithnawi,,,,Privacy-preserving Quantified Self: Secure Sharing and Processing of Encrypted Small Data,25--30,,6,"Encrypted Processing, Homomorphic Encryption, IoT, Privacy, Secure Sharing",10.1145/3097620.3097625,,,,,,,2017,,Proceedings of the Workshop on Mobility in the Evolving Internet Architecture,MobiArch '17,,978-1-4503-5059-4,"Los Angeles, CA, USA",ACM,"New York, NY, USA"
article,2948966,Michael  Z&#246;llner and Andreas  Zapf and Nhan Duc Truong and Stefanie  Scheer,,,,Okinesio: The Development of Open Hardware for Quantified Self,3:1--3:5,3,5,"hardware, input devices, sensors, user interfaces",10.1145/2948963.2948966,,,,,,,2016,,Proceedings of the 3rd International Workshop on Sensor-based Activity Recognition and Interaction,iWOAR '16,,978-1-4503-4245-2,"Rostock, Germany",ACM,"New York, NY, USA"
article,2509403,Ramesh  Jain,,,,What's in It for Me?: How Can Big Multimedia Aid Quantified-self Applications,43--44,,2,"distributed multimedia, personal data, reality mining, sensor networks, situation recognition, social networks",10.1145/2509352.2509403,,,,,,,2013,,Proceedings of the 1st ACM International Workshop on Personal Data Meets Distributed Multimedia,PDM '13,,978-1-4503-2397-0,"Barcelona, Spain",ACM,"New York, NY, USA"
article,2757746,Xiaoyan  Hong and Yingyan  Lou and Meng  Kuai and Shuoping  Wang,,,,Quantify Self-Organized Storage Capacity in Supporting Infrastructure-less Transportation Operation,13--18,,6,"cyber traffic control, mobile cloud, self-organized storage, vehicle communications",10.1145/2757743.2757746,,,,,,,2015,,"Proceedings of the Second Workshop on Mobile Sensing, Computing and Communication",MSCC '15,,978-1-4503-3518-8,"Hangzhou, China",ACM,"New York, NY, USA"
article,2968316,Siddharth  Nair,,,,QS x NUI: Towards Natural User Interfaces for Personal Health Information,528--534,,7,"health &#38; medicine 2.0, human-computer interaction, natural user interfaces, participatory health and medicine, personal health informatics, quantified self",10.1145/2968219.2968316,,,,,,,2016,,Proceedings of the 2016 ACM International Joint Conference on Pervasive and Ubiquitous Computing: Adjunct,UbiComp '16,,978-1-4503-4462-3,"Heidelberg, Germany",ACM,"New York, NY, USA"
article,2641320,Daniel  Harrison and Paul  Marshall and Nadia  Berthouze and Jon  Bird,,,,Tracking Physical Activity: Problems Related to Running Longitudinal Studies with Commercial Devices,699--702,,4,"activity tracker, behaviour change, fitbit, fitness, health, in the wild, pedometer, personal device, physical activity, quantified self",10.1145/2638728.2641320,,,,,,,2014,,Proceedings of the 2014 ACM International Joint Conference on Pervasive and Ubiquitous Computing: Adjunct Publication,UbiComp '14 Adjunct,,978-1-4503-3047-3,"Seattle, Washington",ACM,"New York, NY, USA"
article,2886433,Juan Pablo  Hourcade and Glenda  Revelle and Anja  Zeising and Ole Sejer Iversen and Narcis  Pares and Tilde  Bekker and Janet C. Read,,,,Child-Computer Interaction SIG: New Challenges and Opportunities,1123--1126,,4,"child-computer interaction, inclusion, infants, interaction design and children, making, preschool children, privacy, quantified self, refugees, toddlers",10.1145/2851581.2886433,,,,,,,2016,,Proceedings of the 2016 CHI Conference Extended Abstracts on Human Factors in Computing Systems,CHI EA '16,,978-1-4503-4082-3,"San Jose, California, USA",ACM,"New York, NY, USA"
article,2886426,Caitlin  Lustig and Katie  Pine and Bonnie  Nardi and Lilly  Irani and Min Kyung  Lee and Dawn  Nafus and Christian  Sandvig,,,,"Algorithmic Authority: The Ethics, Politics, and Economics of Algorithms That Interpret, Decide, and Manage",1057--1062,,6,"algorithmic authority, algorithmic management, algorithms, critical algorithm studies, crowdwork, digital labor, ethics, healthcare, policy, political economy of computing, quantified self, sharing economy",10.1145/2851581.2886426,,,,,,,2016,,Proceedings of the 2016 CHI Conference Extended Abstracts on Human Factors in Computing Systems,CHI EA '16,,978-1-4503-4082-3,"San Jose, California, USA",ACM,"New York, NY, USA"
article,2800947,Peng  Wang and Lifeng  Sun and Shiqiang  Yang and Alan F. Smeaton,,,,Improving the Classification of Quantified Self Activities and Behaviour Using a Fisher Kernel,979--984,,6,"HMM, concept attribute, everyday activities, fisher kernel, human behaviour, visual lifelogging",10.1145/2800835.2800947,,,,,,,2015,,Adjunct Proceedings of the 2015 ACM International Joint Conference on Pervasive and Ubiquitous Computing and Proceedings of the 2015 ACM International Symposium on Wearable Computers,UbiComp/ISWC'15 Adjunct,,978-1-4503-3575-1,"Osaka, Japan",ACM,"New York, NY, USA"
proceeding,2983576,,,,Program Chair-Cathal  Gurrin and Program Chair-Xavier  Giro-i-Nieto and Program Chair-Petia  Radeva and Program Chair-Hideo  Joho and Program Chair-H&#229;vard  Johansen and Program Chair-Vivek K. Singh and Program Chair-Mariella  Dimiccoli,,,,,,,,,,,,,2016,,Proceedings of the First Workshop on Lifelogging Tools and Applications,,,978-1-4503-4517-0,"Amsterdam, The Netherlands",ACM,"New York, NY, USA"
article,2968317,Aku  Visuri and Zhanna  Sarsenbayeva and Jorge  Goncalves and Evangelos  Karapanos and Simon  Jones,,,,Impact of Mood Changes on Application Selection,535--540,,6,"application usage, behaviour, mood-sensing",10.1145/2968219.2968317,,,,,,,2016,,Proceedings of the 2016 ACM International Joint Conference on Pervasive and Ubiquitous Computing: Adjunct,UbiComp '16,,978-1-4503-4462-3,"Heidelberg, Germany",ACM,"New York, NY, USA"
article,3134238,Biying  Fu and Dinesh Vaithyalingam Gangatharan and Arjan  Kuijper and Florian  Kirchbuchner and Andreas  Braun,,,,Exercise Monitoring On Consumer Smart Phones Using Ultrasonic Sensing,9:1--9:6,9,6,"Doppler effect, Human activity recognition, Ultrasound sensing, mobile applications",10.1145/3134230.3134238,,,,,,,2017,,Proceedings of the 4th International Workshop on Sensor-based Activity Recognition and Interaction,iWOAR '17,,978-1-4503-5223-9,"Rostock, Germany",ACM,"New York, NY, USA"
article,3313261,Anton  Fedosov and Bianca  Stancu and Elena  Di Lascio and Davide  Eynard and Marc  Langheinrich,,,,Movie+: Towards Exploring Social Effects of Emotional Fingerprints for Video Clips and Movies,INT049:1--INT049:4,INT049,4,"YouTube video clips, emotional metadata, movie viewing, sharing biophysical data",10.1145/3290607.3313261,,,,,,,2019,,Extended Abstracts of the 2019 CHI Conference on Human Factors in Computing Systems,CHI EA '19,,978-1-4503-5971-9,"Glasgow, Scotland Uk",ACM,"New York, NY, USA"
article,2968271,Shoya  Ishimaru and Tilman  Dingler and Kai  Kunze and Koichi  Kise and Andreas  Dengel,,,,Reading Interventions: Tracking Reading State and Designing Interventions,1759--1764,,6,"context-awareness, quantified mind, reading",10.1145/2968219.2968271,,,,,,,2016,,Proceedings of the 2016 ACM International Joint Conference on Pervasive and Ubiquitous Computing: Adjunct,UbiComp '16,,978-1-4503-4462-3,"Heidelberg, Germany",ACM,"New York, NY, USA"
proceeding,2948963,,,,Conference Chair-Bodo  Urban and Conference Chair-Thomas  Kirste,,,,,,,,,,,,,2016,,Proceedings of the 3rd International Workshop on Sensor-based Activity Recognition and Interaction,,,978-1-4503-4245-2,"Rostock, Germany",ACM,"New York, NY, USA"
article,2693803,Kai  Kuikkaniemi and Antti  Poikola and Olli  Pitk&#228;nen,,,,My Data Fueling Wellbeing Applications,18:1--18:2,18,2,"Health and wellbeing, MyData, personal data management",10.1145/2693787.2693803,,,,,,,2014,,Proceedings of the 2014 Workshops on Advances in Computer Entertainment Conference,ACE '14 Workshops,,978-1-4503-3314-6,"Funchal, Portugal",ACM,"New York, NY, USA"
article,2804393,Kasthuri  Jayarajah and Meera  Radhakrishnan and Steven  Hoi and Archan  Misra,,,,Candy Crushing Your Sleep,753--762,,10,,10.1145/2800835.2804393,,,,,,,2015,,Adjunct Proceedings of the 2015 ACM International Joint Conference on Pervasive and Ubiquitous Computing and Proceedings of the 2015 ACM International Symposium on Wearable Computers,UbiComp/ISWC'15 Adjunct,,978-1-4503-3575-1,"Osaka, Japan",ACM,"New York, NY, USA"
article,2948102,Marco C. Rozendaal and Marie L. Heidingsfelder and Frank  Kupper,,,,Exploring Embodied Speculation in Participatory Design and Innovation,100--102,,3,"design fiction, embodied speculation, experience prototyping, radical innovation",10.1145/2948076.2948102,,,,,,,2016,,"Proceedings of the 14th Participatory Design Conference: Short Papers, Interactive Exhibitions, Workshops - Volume 2",PDC '16,,978-1-4503-4136-3,"Aarhus, Denmark",ACM,"New York, NY, USA"
article,2800962,Feiyan  Hu and Alan F. Smeaton and Eamonn  Newman and Matthew P. Buman,,,,Using Periodicity Intensity to Detect Long Term Behaviour Change,1069--1074,,6,"detecting behaviour change, lifelogging, periodicity, periodogram intensities",10.1145/2800835.2800962,,,,,,,2015,,Adjunct Proceedings of the 2015 ACM International Joint Conference on Pervasive and Ubiquitous Computing and Proceedings of the 2015 ACM International Symposium on Wearable Computers,UbiComp/ISWC'15 Adjunct,,978-1-4503-3575-1,"Osaka, Japan",ACM,"New York, NY, USA"
article,2676556,Arne  Br&#246;ring and David  Vial and Thorsten  Reitz,,,,Processing Real-time Sensor Data Streams for 3D Web Visualization,72--80,,9,"3D visualization, event processing, sensor data",10.1145/2676552.2676556,,,,,,,2014,,Proceedings of the 5th ACM SIGSPATIAL International Workshop on GeoStreaming,IWGS '14,,978-1-4503-3139-5,"Dallas, Texas",ACM,"New York, NY, USA"
article,2800957,Fang  Zhao and Ajinkya  Ghorpade and Francisco C. Pereira and Chris  Zegras and Moshe  Ben-Akiva,,,,Quantifying Mobility: Pervasive Technologies for Transport Modeling,1039--1044,,6,"activity diary surveys, behavior modelling, iBeacons, smartphone technologies, transport modeling",10.1145/2800835.2800957,,,,,,,2015,,Adjunct Proceedings of the 2015 ACM International Joint Conference on Pervasive and Ubiquitous Computing and Proceedings of the 2015 ACM International Symposium on Wearable Computers,UbiComp/ISWC'15 Adjunct,,978-1-4503-3575-1,"Osaka, Japan",ACM,"New York, NY, USA"
article,2307871,Neal  Lathia,,,,Using Idle Moments to Record Your Health via Mobile Applications,22--27,,6,"android application, health",10.1145/2307863.2307871,,,,,,,2012,,Proceedings of the 1st ACM Workshop on Mobile Systems for Computational Social Science,MCSS '12,,978-1-4503-1324-7,"Low Wood Bay, Lake District, UK",ACM,"New York, NY, USA"
article,2491160,Nic  Lane,,,,"The 5th ACM Hotplanet Workshop Keynote Speaker: Smartphones, Crowds, and the Cloud: Population Guided Sensing Systems",1--2,,2,"cloud, sensing, smartphones",10.1145/2491159.2491160,,,,,,,2013,,Proceedings of the 5th ACM Workshop on HotPlanet,HotPlanet '13,,978-1-4503-2177-8,"Hong Kong, China",ACM,"New York, NY, USA"
article,3170605,Jochen  Meyer and Daniel  Epstein and Parisa  Eslambolchilar and Judy  Kay and Lie Ming  Tang,,,,A Short Workshop on Next Steps Towards Long Term Self Tracking,W05:1--W05:8,W05,8,"health, long term, self tracking, wellbeing",10.1145/3170427.3170605,,,,,,,2018,,Extended Abstracts of the 2018 CHI Conference on Human Factors in Computing Systems,CHI EA '18,,978-1-4503-5621-3,"Montreal QC, Canada",ACM,"New York, NY, USA"
article,2892488,Jisoo  Lee and Eric B. Hekler and Emil  Chiauzzi and Auriell  Towner and Marcy  Fitz-Randolph,,,,Helping Users Set Rules for Defining Short-Term Activity Goals,2178--2184,,7,"goal-setting, multiple sclerosis, physical activity, self-experimentation, self-tracking",10.1145/2851581.2892488,,,,,,,2016,,Proceedings of the 2016 CHI Conference Extended Abstracts on Human Factors in Computing Systems,CHI EA '16,,978-1-4503-4082-3,"San Jose, California, USA",ACM,"New York, NY, USA"
article,3188401,Katta  Spiel and Fares  Kayali and Louise  Horvath and Michael  Penkler and Sabine  Harrer and Miguel  Sicart and Jessica  Hammer,,,,"Fitter, Happier, More Productive?: The Normative Ontology of Fitness Trackers",alt08:1--alt08:10,alt08,10,"essay, fitness, health, normativity, re-ontologisation, self-tracking",10.1145/3170427.3188401,,,,,,,2018,,Extended Abstracts of the 2018 CHI Conference on Human Factors in Computing Systems,CHI EA '18,,978-1-4503-5621-3,"Montreal QC, Canada",ACM,"New York, NY, USA"
article,2641318,Jisoo  Lee and Erin  Walker and Winslow  Burleson and Eric B. Hekler,,,,Exploring Users' Creation of Personalized Behavioral Plans,703--706,,4,"behavior change, goal-setting, personalized behavioral plan, self-tracking",10.1145/2638728.2641318,,,,,,,2014,,Proceedings of the 2014 ACM International Joint Conference on Pervasive and Ubiquitous Computing: Adjunct Publication,UbiComp '14 Adjunct,,978-1-4503-3047-3,"Seattle, Washington",ACM,"New York, NY, USA"
article,3188536,Daniel  Smolyak and Bongshin  Lee and Eun Kyoung  Choe,,,,TandemTrack: Promoting Consistent Exercise Leveraging Multimodal Training and Tracking,LBW543:1--LBW543:6,LBW543,6,"exercise assistant, multimodal interaction, self-tracking, smart speaker, voice interaction",10.1145/3170427.3188536,,,,,,,2018,,Extended Abstracts of the 2018 CHI Conference on Human Factors in Computing Systems,CHI EA '18,,978-1-4503-5621-3,"Montreal QC, Canada",ACM,"New York, NY, USA"
article,3027138,Marie Louise Juul S&#248;ndergaard,,,,Intimate Design: Designing Intimacy As a Critical-Feminist Practice,320--325,,6,"IoT, critical design, design fiction, feminist HCI, intimacy, research-through-design, self-tracking, speculative design, wearables",10.1145/3027063.3027138,,,,,,,2017,,Proceedings of the 2017 CHI Conference Extended Abstracts on Human Factors in Computing Systems,CHI EA '17,,978-1-4503-4656-6,"Denver, Colorado, USA",ACM,"New York, NY, USA"
article,3173031,Sarah  Homewood,,,,Designing for the Changing Body: A Feminist Exploration of Self-Tracking Technologies,DC11:1--DC11:4,DC11,4,"feminist hci, menopause, menstrual cycles, research-through-design, self-tracking, women's health",10.1145/3170427.3173031,,,,,,,2018,,Extended Abstracts of the 2018 CHI Conference on Human Factors in Computing Systems,CHI EA '18,,978-1-4503-5621-3,"Montreal QC, Canada",ACM,"New York, NY, USA"
article,2792897,Jeni  Paay and Jesper  Kjeldskov and Mikael  Skov and Umachanger  Brinthaparan and Nirojan  Srikandarajah and Dimitrios  Raptis,,,,QuittyLink: A Mobile Application That Helps People Quit Smoking,599--606,,8,"Smoking cessation, health behavior change, mobile interaction design, personal counseling, self-tracking",10.1145/2786567.2792897,,,,,,,2015,,Proceedings of the 17th International Conference on Human-Computer Interaction with Mobile Devices and Services Adjunct,MobileHCI '15,,978-1-4503-3653-6,"Copenhagen, Denmark",ACM,"New York, NY, USA"
article,2732847,Jeni  Paay and Jesper  Kjeldskov and Mikael B. Skov and Nirojan  Srikandarajah and Umachanger  Brinthaparan,,,,Personal Counseling on Smart Phones For Smoking Cessation,1427--1432,,6,"health behavior change, interaction design, mobile apps, personal counseling, self-tracking, smoking cessation",10.1145/2702613.2732847,,,,,,,2015,,Proceedings of the 33rd Annual ACM Conference Extended Abstracts on Human Factors in Computing Systems,CHI EA '15,,978-1-4503-3146-3,"Seoul, Republic of Korea",ACM,"New York, NY, USA"
article,3310430,Sarah  Homewood,,,,Inaction As a Design Decision: Reflections on Not Designing Self-Tracking Tools for Menopause,alt17:1--alt17:12,alt17,12,"menopause, menstrual cycles, non-design, reflective hci, undesign, women's health",10.1145/3290607.3310430,,,,,,,2019,,Extended Abstracts of the 2019 CHI Conference on Human Factors in Computing Systems,CHI EA '19,,978-1-4503-5971-9,"Glasgow, Scotland Uk",ACM,"New York, NY, USA"
article,2732813,Ankur  Agrawal and Wenvi  Hidayat and Aravind  Ravi and Mark  Stamnes and Meishen  Yin and Daniela  Rosner,,,,SynKu: Exploring the Production of Sensory Objects,2121--2126,,6,"cross-sensory perception, design inquiry, science and technology studies, sensory objects",10.1145/2702613.2732813,,,,,,,2015,,Proceedings of the 33rd Annual ACM Conference Extended Abstracts on Human Factors in Computing Systems,CHI EA '15,,978-1-4503-3146-3,"Seoul, Republic of Korea",ACM,"New York, NY, USA"
article,3312985,Adhi  Wicaksono and Robert J. Hendley and Russell  Beale,,,,Using Reinforced Implementation Intentions to Support Habit Formation,LBW2518:1--LBW2518:6,LBW2518,6,"behaviour change, habit formation, implementation intentions",10.1145/3290607.3312985,,,,,,,2019,,Extended Abstracts of the 2019 CHI Conference on Human Factors in Computing Systems,CHI EA '19,,978-1-4503-5971-9,"Glasgow, Scotland Uk",ACM,"New York, NY, USA"
article,2985774,Jochen  Meyer and Anastasia  Kazakova and Merlin  B&#252;sing and Susanne  Boll,,,,Visualization of Complex Health Data on Mobile Devices,31--34,,4,"health data, mobile devices, visualization",10.1145/2985766.2985774,,,,,,,2016,,Proceedings of the 2016 ACM Workshop on Multimedia for Personal Health and Health Care,MMHealth '16,,978-1-4503-4518-7,"Amsterdam, The Netherlands",ACM,"New York, NY, USA"
article,3099100,Cataldo  Musto and Amon  Rapp and Veronika  Bogina and Federica  Cena and Frank  Hopfgartner and Judy  Kay and David  Konopnicki and Tsvi  Kuflik and Bamshad  Mobasher and Giovanni  Semeraro,,,,UMAP 2017 THUM Workshop Chairs' Welcome &#38; Organization,368--369,,2,,10.1145/3099023.3099100,,,,,,,2017,,"Adjunct Publication of the 25th Conference on User Modeling, Adaptation and Personalization",UMAP '17,,978-1-4503-5067-9,"Bratislava, Slovakia",ACM,"New York, NY, USA"
article,2662597,Konstantinos  Giannakis and Konstantinos  Chorianopoulos and Letizia  Jaccheri,,,,User Requirements for Gamifying Sports Software,22--26,,5,"augmented feedback, evaluation, human factors, interaction styles",,,,,,,,2013,,"Proceedings of the 3rd International Workshop on Games and Software Engineering: Engineering Computer Games to Enable Positive, Progressive Change",GAS '13,,978-1-4673-6263-4,"San Francisco, California",IEEE Press,"Piscataway, NJ, USA"
